order,alias,display_name,note
1,parks,Parks,
2,steak,Steakhouses,Not placed. Must have been carried by some example (the 2014 union was exactly these 72) but no example supports it and user 814's model does not constrain it
3,mexican,Mexican,
4,newamerican,American (New),
5,landmarks,Landmarks & Historical Buildings,
6,divebars,Dive Bars,
7,burgers,Burgers,
8,hotdogs,Fast Food,Yelp legacy quirk: alias 'hotdogs' is the Fast Food category; 'hotdog' is Hot Dogs
9,hotdog,Hot Dogs,
10,tradamerican,American (Traditional),
11,diners,Diners,
12,museums,Museums,
13,artschools,Art Schools,
14,gastropubs,Gastropubs,
15,breakfast_brunch,Breakfast & Brunch,
16,amusementparks,Amusement Parks,
17,southern,Southern,
18,desserts,Desserts,
19,bakeries,Bakeries,
20,vinyl_records,Vinyl Records,
21,musicvideo,Music & DVDs,
22,arcades,Arcades,
23,lounges,Lounges,
24,musicvenues,Music Venues,
25,bars,Bars,
26,thai,Thai,
27,korean,Korean,
28,chicken_wings,Chicken Wings,
29,jazzandblues,Jazz & Blues,
30,pubs,Pubs,
31,sandwiches,Sandwiches,
32,venues,Venues & Event Spaces,
33,wineries,Wineries,Recovered by inverting user 814's published model: sits on example 127
34,beer_and_wine,"Beer, Wine & Spirits",
35,aquariums,Aquariums,
36,zoos,Zoos,
37,culturalcenter,Cultural Center,
38,funeralservices,Funeral Services & Cemeteries,Only plausible source among the examples is Graceland Cemetery (134)
39,galleries,Art Galleries,
40,churches,Churches,
41,shoppingcenters,Shopping Centers,
42,movietheaters,Cinema,
43,theater,Performing Arts,Yelp alias 'theater' is the Performing Arts category
44,gardens,Botanical Gardens,
45,stadiumsarenas,Stadiums & Arenas,
46,sportsteams,Professional Sports Teams,
47,danceclubs,Dance Clubs,
48,karaoke,Karaoke,
49,localflavor,Local Flavor,
50,vegetarian,Vegetarian,
51,rafting,Rafting/Kayaking,
52,skiresorts,Ski Resorts,
53,antiques,Antiques,
54,tours,Tours,
55,gyms,Gyms,
56,outdoorgear,Outdoor Gear,
57,womenscloth,Women's Clothing,
58,cafes,Cafes,
59,breweries,Breweries,
60,french,French,
61,outlet_stores,Outlet Stores,
62,homedecor,Home Decor,
63,coffee,Coffee & Tea,
64,bookstores,Bookstores,
65,rugs,Rugs,
66,spas,Day Spas,
67,massage,Massage,
68,horsebackriding,Horseback Riding,
69,fashion,Fashion,
70,restaurants,Restaurants,
71,caribbean,Caribbean,
72,african,African,
