seed,Wg,Ws,alpha,bpr_loss,u_raw,v_raw,pairs
0,0.3829001993455877,0.6170998006544123,3.0926735126048115,0.6813270995560989,1.1841853044872013,1.90848820811761,243447
1,0.39856037462015553,0.6014396253798444,2.9223813788600355,0.6828484460200585,1.1647454171414224,1.7576359617186128,243088
2,0.3716950884896617,0.6283049115103383,3.1900939072076326,0.6809855065748791,1.1857422371298716,2.004351670077761,243589
3,0.39203650161618075,0.6079634983838192,3.1354422055814917,0.6809831025325944,1.2292077932958898,1.9062344122856019,243888
4,0.3958087004097498,0.6041912995902502,2.919614601930461,0.682940121375107,1.155608861287425,1.7640057406430363,243303
5,0.3683325399235013,0.6316674600764987,2.9045890914789614,0.683070616560828,1.069854677498541,1.8347344139804205,243501
6,0.3513746204825329,0.6486253795174671,2.9845689171027816,0.6821441723260467,1.048701770550954,1.9358671465518276,244275
7,0.36914025772746706,0.6308597422725329,3.4171934912833715,0.6791226726379742,1.2614236860769668,2.155769805206405,243911
8,0.37268858456834386,0.6273114154316561,2.831498798102757,0.6833632396018557,1.0552672792718834,1.7762315188308735,243846
9,0.3631562867347712,0.6368437132652288,2.986285111079602,0.6823546208649549,1.084488212071002,1.9017968990086,243315
